Alpha;Beta;Gamma;Eredmény;Ütközés;Min_Távolság;Lépésszám;Átlag_Sebesség
0;0;0;TIMEOUT;False;1.303;599;-0.494
0;0;1;TIMEOUT;False;0.1;599;0.05
0;0;2;TIMEOUT;False;0.1;599;0.05
0;0;3;TIMEOUT;False;0.1;599;0.05
0;0;4;TIMEOUT;False;0.1;599;0.05
0;0;5;TIMEOUT;False;0.1;599;0.05
0;0;6;TIMEOUT;False;0.1;599;0.05
0;0;7;TIMEOUT;False;0.1;599;0.05
0;0;8;TIMEOUT;False;0.1;599;0.05
0;0;9;TIMEOUT;False;0.1;599;0.05
0;0;10;TIMEOUT;False;0.1;599;0.05
0;1;0;TIMEOUT;False;1.303;599;-0.494
0;1;1;TIMEOUT;False;0.172;599;0.51
0;1;2;TIMEOUT;False;0.172;599;0.51
0;1;3;TIMEOUT;False;0.172;599;0.51
0;1;4;TIMEOUT;False;0.172;599;0.51
0;1;5;TIMEOUT;False;0.172;599;0.51
0;1;6;TIMEOUT;False;0.172;599;0.51
0;1;7;TIMEOUT;False;0.172;599;0.51
0;1;8;TIMEOUT;False;0.172;599;0.51
0;1;9;TIMEOUT;False;0.172;599;0.51
0;1;10;TIMEOUT;False;0.172;599;0.51
0;2;0;TIMEOUT;False;1.303;599;-0.494
0;2;1;TIMEOUT;False;0.172;599;0.51
0;2;2;TIMEOUT;False;0.172;599;0.51
0;2;3;TIMEOUT;False;0.172;599;0.51
0;2;4;TIMEOUT;False;0.172;599;0.51
0;2;5;TIMEOUT;False;0.172;599;0.51
0;2;6;TIMEOUT;False;0.172;599;0.51
0;2;7;TIMEOUT;False;0.172;599;0.51
0;2;8;TIMEOUT;False;0.172;599;0.51
0;2;9;TIMEOUT;False;0.172;599;0.51
0;2;10;TIMEOUT;False;0.172;599;0.51
0;3;0;TIMEOUT;False;1.303;599;-0.494
0;3;1;TIMEOUT;False;0.172;599;0.51
0;3;2;TIMEOUT;False;0.172;599;0.51
0;3;3;TIMEOUT;False;0.172;599;0.51
0;3;4;TIMEOUT;False;0.172;599;0.51
0;3;5;TIMEOUT;False;0.172;599;0.51
0;3;6;TIMEOUT;False;0.172;599;0.51
0;3;7;TIMEOUT;False;0.172;599;0.51
0;3;8;TIMEOUT;False;0.172;599;0.51
0;3;9;TIMEOUT;False;0.172;599;0.51
0;3;10;TIMEOUT;False;0.172;599;0.51
0;4;0;TIMEOUT;False;1.303;599;-0.494
0;4;1;TIMEOUT;False;0.172;599;0.51
0;4;2;TIMEOUT;False;0.172;599;0.51
0;4;3;TIMEOUT;False;0.172;599;0.51
0;4;4;TIMEOUT;False;0.172;599;0.51
0;4;5;TIMEOUT;False;0.172;599;0.51
0;4;6;TIMEOUT;False;0.172;599;0.51
0;4;7;TIMEOUT;False;0.172;599;0.51
0;4;8;TIMEOUT;False;0.172;599;0.51
0;4;9;TIMEOUT;False;0.172;599;0.51
0;4;10;TIMEOUT;False;0.172;599;0.51
0;5;0;TIMEOUT;False;1.303;599;-0.494
0;5;1;TIMEOUT;False;0.172;599;0.51
0;5;2;TIMEOUT;False;0.172;599;0.51
0;5;3;TIMEOUT;False;0.172;599;0.51
0;5;4;TIMEOUT;False;0.172;599;0.51
0;5;5;TIMEOUT;False;0.172;599;0.51
0;5;6;TIMEOUT;False;0.172;599;0.51
0;5;7;TIMEOUT;False;0.172;599;0.51
0;5;8;TIMEOUT;False;0.172;599;0.51
0;5;9;TIMEOUT;False;0.172;599;0.51
0;5;10;TIMEOUT;False;0.172;599;0.51
0;6;0;TIMEOUT;False;1.303;599;-0.494
0;6;1;TIMEOUT;False;0.172;599;0.51
0;6;2;TIMEOUT;False;0.172;599;0.51
0;6;3;TIMEOUT;False;0.172;599;0.51
0;6;4;TIMEOUT;False;0.172;599;0.51
0;6;5;TIMEOUT;False;0.172;599;0.51
0;6;6;TIMEOUT;False;0.172;599;0.51
0;6;7;TIMEOUT;False;0.172;599;0.51
0;6;8;TIMEOUT;False;0.172;599;0.51
0;6;9;TIMEOUT;False;0.172;599;0.51
0;6;10;TIMEOUT;False;0.172;599;0.51
0;7;0;TIMEOUT;False;1.303;599;-0.494
0;7;1;TIMEOUT;False;0.172;599;0.51
0;7;2;TIMEOUT;False;0.172;599;0.51
0;7;3;TIMEOUT;False;0.172;599;0.51
0;7;4;TIMEOUT;False;0.172;599;0.51
0;7;5;TIMEOUT;False;0.172;599;0.51
0;7;6;TIMEOUT;False;0.172;599;0.51
0;7;7;TIMEOUT;False;0.172;599;0.51
0;7;8;TIMEOUT;False;0.172;599;0.51
0;7;9;TIMEOUT;False;0.172;599;0.51
0;7;10;TIMEOUT;False;0.172;599;0.51
0;8;0;TIMEOUT;False;1.303;599;-0.494
0;8;1;TIMEOUT;False;0.172;599;0.51
0;8;2;TIMEOUT;False;0.172;599;0.51
0;8;3;TIMEOUT;False;0.172;599;0.51
0;8;4;TIMEOUT;False;0.172;599;0.51
0;8;5;TIMEOUT;False;0.172;599;0.51
0;8;6;TIMEOUT;False;0.172;599;0.51
0;8;7;TIMEOUT;False;0.172;599;0.51
0;8;8;TIMEOUT;False;0.172;599;0.51
0;8;9;TIMEOUT;False;0.172;599;0.51
0;8;10;TIMEOUT;False;0.172;599;0.51
0;9;0;TIMEOUT;False;1.303;599;-0.494
0;9;1;TIMEOUT;False;0.172;599;0.51
0;9;2;TIMEOUT;False;0.172;599;0.51
0;9;3;TIMEOUT;False;0.172;599;0.51
0;9;4;TIMEOUT;False;0.172;599;0.51
0;9;5;TIMEOUT;False;0.172;599;0.51
0;9;6;TIMEOUT;False;0.172;599;0.51
0;9;7;TIMEOUT;False;0.172;599;0.51
0;9;8;TIMEOUT;False;0.172;599;0.51
0;9;9;TIMEOUT;False;0.172;599;0.51
0;9;10;TIMEOUT;False;0.172;599;0.51
0;10;0;TIMEOUT;False;1.303;599;-0.494
0;10;1;TIMEOUT;False;0.172;599;0.51
0;10;2;TIMEOUT;False;0.172;599;0.51
0;10;3;TIMEOUT;False;0.172;599;0.51
0;10;4;TIMEOUT;False;0.172;599;0.51
0;10;5;TIMEOUT;False;0.172;599;0.51
0;10;6;TIMEOUT;False;0.172;599;0.51
0;10;7;TIMEOUT;False;0.172;599;0.51
0;10;8;TIMEOUT;False;0.172;599;0.51
0;10;9;TIMEOUT;False;0.172;599;0.51
0;10;10;TIMEOUT;False;0.172;599;0.51
1;0;0;TIMEOUT;False;0.135;599;0.026
1;0;1;TIMEOUT;False;0.078;599;0.04
1;0;2;TIMEOUT;False;0.11;599;0.043
1;0;3;TIMEOUT;False;0.1;599;0.045
1;0;4;TIMEOUT;False;0.099;599;0.05
1;0;5;TIMEOUT;False;0.124;599;0.05
1;0;6;TIMEOUT;False;0.123;599;0.051
1;0;7;TIMEOUT;False;0.102;599;0.053
1;0;8;TIMEOUT;False;0.102;599;0.053
1;0;9;TIMEOUT;False;0.102;599;0.053
1;0;10;TIMEOUT;False;0.102;599;0.053
1;1;0;TIMEOUT;False;0.447;599;0.377
1;1;1;SIKER;False;0.15;219;0.442
1;1;2;SIKER;False;0.15;214;0.462
1;1;3;SIKER;False;0.151;205;0.477
1;1;4;SIKER;False;0.151;204;0.481
1;1;5;SIKER;False;0.152;206;0.481
1;1;6;SIKER;False;0.15;210;0.478
1;1;7;TIMEOUT;False;0.172;599;0.51
1;1;8;TIMEOUT;False;0.172;599;0.51
1;1;9;TIMEOUT;False;0.172;599;0.51
1;1;10;TIMEOUT;False;0.172;599;0.51
1;2;0;TIMEOUT;False;0.447;599;0.377
1;2;1;SIKER;False;0.15;219;0.442
1;2;2;SIKER;False;0.15;214;0.462
1;2;3;SIKER;False;0.151;205;0.477
1;2;4;SIKER;False;0.151;204;0.481
1;2;5;SIKER;False;0.152;206;0.481
1;2;6;SIKER;False;0.15;210;0.478
1;2;7;TIMEOUT;False;0.172;599;0.51
1;2;8;TIMEOUT;False;0.172;599;0.51
1;2;9;TIMEOUT;False;0.172;599;0.51
1;2;10;TIMEOUT;False;0.172;599;0.51
1;3;0;TIMEOUT;False;0.447;599;0.377
1;3;1;SIKER;False;0.15;219;0.442
1;3;2;SIKER;False;0.15;214;0.462
1;3;3;SIKER;False;0.151;205;0.477
1;3;4;SIKER;False;0.151;204;0.481
1;3;5;SIKER;False;0.152;206;0.481
1;3;6;SIKER;False;0.15;210;0.478
1;3;7;TIMEOUT;False;0.172;599;0.51
1;3;8;TIMEOUT;False;0.172;599;0.51
1;3;9;TIMEOUT;False;0.172;599;0.51
1;3;10;TIMEOUT;False;0.172;599;0.51
1;4;0;TIMEOUT;False;0.447;599;0.377
1;4;1;SIKER;False;0.15;219;0.442
1;4;2;SIKER;False;0.15;214;0.462
1;4;3;SIKER;False;0.151;205;0.477
1;4;4;SIKER;False;0.151;204;0.481
1;4;5;SIKER;False;0.152;206;0.481
1;4;6;SIKER;False;0.15;210;0.478
1;4;7;TIMEOUT;False;0.172;599;0.51
1;4;8;TIMEOUT;False;0.172;599;0.51
1;4;9;TIMEOUT;False;0.172;599;0.51
1;4;10;TIMEOUT;False;0.172;599;0.51
1;5;0;TIMEOUT;False;0.447;599;0.377
1;5;1;SIKER;False;0.15;219;0.442
1;5;2;SIKER;False;0.15;214;0.462
1;5;3;SIKER;False;0.151;205;0.477
1;5;4;SIKER;False;0.151;204;0.481
1;5;5;SIKER;False;0.152;206;0.481
1;5;6;SIKER;False;0.15;210;0.478
1;5;7;TIMEOUT;False;0.172;599;0.51
1;5;8;TIMEOUT;False;0.172;599;0.51
1;5;9;TIMEOUT;False;0.172;599;0.51
1;5;10;TIMEOUT;False;0.172;599;0.51
1;6;0;TIMEOUT;False;0.447;599;0.377
1;6;1;SIKER;False;0.15;219;0.442
1;6;2;SIKER;False;0.15;214;0.462
1;6;3;SIKER;False;0.151;205;0.477
1;6;4;SIKER;False;0.151;204;0.481
1;6;5;SIKER;False;0.152;206;0.481
1;6;6;SIKER;False;0.15;210;0.478
1;6;7;TIMEOUT;False;0.172;599;0.51
1;6;8;TIMEOUT;False;0.172;599;0.51
1;6;9;TIMEOUT;False;0.172;599;0.51
1;6;10;TIMEOUT;False;0.172;599;0.51
1;7;0;TIMEOUT;False;0.447;599;0.377
1;7;1;SIKER;False;0.15;219;0.442
1;7;2;SIKER;False;0.15;214;0.462
1;7;3;SIKER;False;0.151;205;0.477
1;7;4;SIKER;False;0.151;204;0.481
1;7;5;SIKER;False;0.152;206;0.481
1;7;6;SIKER;False;0.15;210;0.478
1;7;7;TIMEOUT;False;0.172;599;0.51
1;7;8;TIMEOUT;False;0.172;599;0.51
1;7;9;TIMEOUT;False;0.172;599;0.51
1;7;10;TIMEOUT;False;0.172;599;0.51
1;8;0;TIMEOUT;False;0.447;599;0.377
1;8;1;SIKER;False;0.15;219;0.442
1;8;2;SIKER;False;0.15;214;0.462
1;8;3;SIKER;False;0.151;205;0.477
1;8;4;SIKER;False;0.151;204;0.481
1;8;5;SIKER;False;0.152;206;0.481
1;8;6;SIKER;False;0.15;210;0.478
1;8;7;TIMEOUT;False;0.172;599;0.51
1;8;8;TIMEOUT;False;0.172;599;0.51
1;8;9;TIMEOUT;False;0.172;599;0.51
1;8;10;TIMEOUT;False;0.172;599;0.51
1;9;0;TIMEOUT;False;0.447;599;0.377
1;9;1;SIKER;False;0.15;219;0.442
1;9;2;SIKER;False;0.15;214;0.462
1;9;3;SIKER;False;0.151;205;0.477
1;9;4;SIKER;False;0.151;204;0.481
1;9;5;SIKER;False;0.152;206;0.481
1;9;6;SIKER;False;0.15;210;0.478
1;9;7;TIMEOUT;False;0.172;599;0.51
1;9;8;TIMEOUT;False;0.172;599;0.51
1;9;9;TIMEOUT;False;0.172;599;0.51
1;9;10;TIMEOUT;False;0.172;599;0.51
1;10;0;TIMEOUT;False;0.447;599;0.377
1;10;1;SIKER;False;0.15;219;0.442
1;10;2;SIKER;False;0.15;214;0.462
1;10;3;SIKER;False;0.151;205;0.477
1;10;4;SIKER;False;0.151;204;0.481
1;10;5;SIKER;False;0.152;206;0.481
1;10;6;SIKER;False;0.15;210;0.478
1;10;7;TIMEOUT;False;0.172;599;0.51
1;10;8;TIMEOUT;False;0.172;599;0.51
1;10;9;TIMEOUT;False;0.172;599;0.51
1;10;10;TIMEOUT;False;0.172;599;0.51
2;0;0;TIMEOUT;False;0.135;599;0.026
2;0;1;TIMEOUT;False;0.14;599;0.028
2;0;2;TIMEOUT;False;0.078;599;0.04
2;0;3;TIMEOUT;False;0.067;599;0.041
2;0;4;TIMEOUT;False;0.11;599;0.043
2;0;5;TIMEOUT;False;0.1;599;0.045
2;0;6;TIMEOUT;False;0.1;599;0.045
2;0;7;TIMEOUT;False;0.092;599;0.05
2;0;8;TIMEOUT;False;0.099;599;0.05
2;0;9;TIMEOUT;False;0.103;599;0.051
2;0;10;TIMEOUT;False;0.124;599;0.05
2;1;0;TIMEOUT;False;0.447;599;0.377
2;1;1;TIMEOUT;False;0.069;599;0.421
2;1;2;SIKER;False;0.15;219;0.442
2;1;3;SIKER;False;0.151;219;0.463
2;1;4;SIKER;False;0.15;214;0.462
2;1;5;SIKER;False;0.15;204;0.479
2;1;6;SIKER;False;0.151;205;0.477
2;1;7;SIKER;False;0.151;204;0.48
2;1;8;SIKER;False;0.151;204;0.481
2;1;9;SIKER;False;0.151;204;0.482
2;1;10;SIKER;False;0.152;206;0.481
2;2;0;TIMEOUT;False;0.447;599;0.377
2;2;1;TIMEOUT;False;0.069;599;0.421
2;2;2;SIKER;False;0.15;219;0.442
2;2;3;SIKER;False;0.151;219;0.463
2;2;4;SIKER;False;0.15;214;0.462
2;2;5;SIKER;False;0.15;204;0.479
2;2;6;SIKER;False;0.151;205;0.477
2;2;7;SIKER;False;0.151;204;0.48
2;2;8;SIKER;False;0.151;204;0.481
2;2;9;SIKER;False;0.151;204;0.482
2;2;10;SIKER;False;0.152;206;0.481
2;3;0;TIMEOUT;False;0.447;599;0.377
2;3;1;TIMEOUT;False;0.069;599;0.421
2;3;2;SIKER;False;0.15;219;0.442
2;3;3;SIKER;False;0.151;219;0.463
2;3;4;SIKER;False;0.15;214;0.462
2;3;5;SIKER;False;0.15;204;0.479
2;3;6;SIKER;False;0.151;205;0.477
2;3;7;SIKER;False;0.151;204;0.48
2;3;8;SIKER;False;0.151;204;0.481
2;3;9;SIKER;False;0.151;204;0.482
2;3;10;SIKER;False;0.152;206;0.481
2;4;0;TIMEOUT;False;0.447;599;0.377
2;4;1;TIMEOUT;False;0.069;599;0.421
2;4;2;SIKER;False;0.15;219;0.442
2;4;3;SIKER;False;0.151;219;0.463
2;4;4;SIKER;False;0.15;214;0.462
2;4;5;SIKER;False;0.15;204;0.479
2;4;6;SIKER;False;0.151;205;0.477
2;4;7;SIKER;False;0.151;204;0.48
2;4;8;SIKER;False;0.151;204;0.481
2;4;9;SIKER;False;0.151;204;0.482
2;4;10;SIKER;False;0.152;206;0.481
2;5;0;TIMEOUT;False;0.447;599;0.377
2;5;1;TIMEOUT;False;0.069;599;0.421
2;5;2;SIKER;False;0.15;219;0.442
2;5;3;SIKER;False;0.151;219;0.463
2;5;4;SIKER;False;0.15;214;0.462
2;5;5;SIKER;False;0.15;204;0.479
2;5;6;SIKER;False;0.151;205;0.477
2;5;7;SIKER;False;0.151;204;0.48
2;5;8;SIKER;False;0.151;204;0.481
2;5;9;SIKER;False;0.151;204;0.482
2;5;10;SIKER;False;0.152;206;0.481
2;6;0;TIMEOUT;False;0.447;599;0.377
2;6;1;TIMEOUT;False;0.069;599;0.421
2;6;2;SIKER;False;0.15;219;0.442
2;6;3;SIKER;False;0.151;219;0.463
2;6;4;SIKER;False;0.15;214;0.462
2;6;5;SIKER;False;0.15;204;0.479
2;6;6;SIKER;False;0.151;205;0.477
2;6;7;SIKER;False;0.151;204;0.48
2;6;8;SIKER;False;0.151;204;0.481
2;6;9;SIKER;False;0.151;204;0.482
2;6;10;SIKER;False;0.152;206;0.481
2;7;0;TIMEOUT;False;0.447;599;0.377
2;7;1;TIMEOUT;False;0.069;599;0.421
2;7;2;SIKER;False;0.15;219;0.442
2;7;3;SIKER;False;0.151;219;0.463
2;7;4;SIKER;False;0.15;214;0.462
2;7;5;SIKER;False;0.15;204;0.479
2;7;6;SIKER;False;0.151;205;0.477
2;7;7;SIKER;False;0.151;204;0.48
2;7;8;SIKER;False;0.151;204;0.481
2;7;9;SIKER;False;0.151;204;0.482
2;7;10;SIKER;False;0.152;206;0.481
2;8;0;TIMEOUT;False;0.447;599;0.377
2;8;1;TIMEOUT;False;0.069;599;0.421
2;8;2;SIKER;False;0.15;219;0.442
2;8;3;SIKER;False;0.151;219;0.463
2;8;4;SIKER;False;0.15;214;0.462
2;8;5;SIKER;False;0.15;204;0.479
2;8;6;SIKER;False;0.151;205;0.477
2;8;7;SIKER;False;0.151;204;0.48
2;8;8;SIKER;False;0.151;204;0.481
2;8;9;SIKER;False;0.151;204;0.482
2;8;10;SIKER;False;0.152;206;0.481
2;9;0;TIMEOUT;False;0.447;599;0.377
2;9;1;TIMEOUT;False;0.069;599;0.421
2;9;2;SIKER;False;0.15;219;0.442
2;9;3;SIKER;False;0.151;219;0.463
2;9;4;SIKER;False;0.15;214;0.462
2;9;5;SIKER;False;0.15;204;0.479
2;9;6;SIKER;False;0.151;205;0.477
2;9;7;SIKER;False;0.151;204;0.48
2;9;8;SIKER;False;0.151;204;0.481
2;9;9;SIKER;False;0.151;204;0.482
2;9;10;SIKER;False;0.152;206;0.481
2;10;0;TIMEOUT;False;0.447;599;0.377
2;10;1;TIMEOUT;False;0.069;599;0.421
2;10;2;SIKER;False;0.15;219;0.442
2;10;3;SIKER;False;0.151;219;0.463
2;10;4;SIKER;False;0.15;214;0.462
2;10;5;SIKER;False;0.15;204;0.479
2;10;6;SIKER;False;0.151;205;0.477
2;10;7;SIKER;False;0.151;204;0.48
2;10;8;SIKER;False;0.151;204;0.481
2;10;9;SIKER;False;0.151;204;0.482
2;10;10;SIKER;False;0.152;206;0.481
3;0;0;TIMEOUT;False;0.135;599;0.026
3;0;1;TIMEOUT;False;0.139;599;0.026
3;0;2;TIMEOUT;False;0.14;599;0.028
3;0;3;TIMEOUT;False;0.078;599;0.04
3;0;4;TIMEOUT;False;0.078;599;0.04
3;0;5;TIMEOUT;False;0.067;599;0.041
3;0;6;TIMEOUT;False;0.11;599;0.043
3;0;7;TIMEOUT;False;0.11;599;0.043
3;0;8;TIMEOUT;False;0.1;599;0.045
3;0;9;TIMEOUT;False;0.1;599;0.045
3;0;10;TIMEOUT;False;0.092;599;0.05
3;1;0;TIMEOUT;False;0.447;599;0.377
3;1;1;TIMEOUT;False;0.316;599;0.42
3;1;2;SIKER;False;0.153;394;0.439
3;1;3;SIKER;False;0.15;219;0.442
3;1;4;SIKER;False;0.151;222;0.461
3;1;5;SIKER;False;0.151;208;0.472
3;1;6;SIKER;False;0.15;214;0.462
3;1;7;SIKER;False;0.15;204;0.479
3;1;8;SIKER;False;0.15;205;0.477
3;1;9;SIKER;False;0.151;205;0.477
3;1;10;SIKER;False;0.151;205;0.478
3;2;0;TIMEOUT;False;0.447;599;0.377
3;2;1;TIMEOUT;False;0.316;599;0.42
3;2;2;SIKER;False;0.153;394;0.439
3;2;3;SIKER;False;0.15;219;0.442
3;2;4;SIKER;False;0.151;222;0.461
3;2;5;SIKER;False;0.151;208;0.472
3;2;6;SIKER;False;0.15;214;0.462
3;2;7;SIKER;False;0.15;204;0.479
3;2;8;SIKER;False;0.15;205;0.477
3;2;9;SIKER;False;0.151;205;0.477
3;2;10;SIKER;False;0.151;205;0.478
3;3;0;TIMEOUT;False;0.447;599;0.377
3;3;1;TIMEOUT;False;0.316;599;0.42
3;3;2;SIKER;False;0.153;394;0.439
3;3;3;SIKER;False;0.15;219;0.442
3;3;4;SIKER;False;0.151;222;0.461
3;3;5;SIKER;False;0.151;208;0.472
3;3;6;SIKER;False;0.15;214;0.462
3;3;7;SIKER;False;0.15;204;0.479
3;3;8;SIKER;False;0.15;205;0.477
3;3;9;SIKER;False;0.151;205;0.477
3;3;10;SIKER;False;0.151;205;0.478
3;4;0;TIMEOUT;False;0.447;599;0.377
3;4;1;TIMEOUT;False;0.316;599;0.42
3;4;2;SIKER;False;0.153;394;0.439
3;4;3;SIKER;False;0.15;219;0.442
3;4;4;SIKER;False;0.151;222;0.461
3;4;5;SIKER;False;0.151;208;0.472
3;4;6;SIKER;False;0.15;214;0.462
3;4;7;SIKER;False;0.15;204;0.479
3;4;8;SIKER;False;0.15;205;0.477
3;4;9;SIKER;False;0.151;205;0.477
3;4;10;SIKER;False;0.151;205;0.478
3;5;0;TIMEOUT;False;0.447;599;0.377
3;5;1;TIMEOUT;False;0.316;599;0.42
3;5;2;SIKER;False;0.153;394;0.439
3;5;3;SIKER;False;0.15;219;0.442
3;5;4;SIKER;False;0.151;222;0.461
3;5;5;SIKER;False;0.151;208;0.472
3;5;6;SIKER;False;0.15;214;0.462
3;5;7;SIKER;False;0.15;204;0.479
3;5;8;SIKER;False;0.15;205;0.477
3;5;9;SIKER;False;0.151;205;0.477
3;5;10;SIKER;False;0.151;205;0.478
3;6;0;TIMEOUT;False;0.447;599;0.377
3;6;1;TIMEOUT;False;0.316;599;0.42
3;6;2;SIKER;False;0.153;394;0.439
3;6;3;SIKER;False;0.15;219;0.442
3;6;4;SIKER;False;0.151;222;0.461
3;6;5;SIKER;False;0.151;208;0.472
3;6;6;SIKER;False;0.15;214;0.462
3;6;7;SIKER;False;0.15;204;0.479
3;6;8;SIKER;False;0.15;205;0.477
3;6;9;SIKER;False;0.151;205;0.477
3;6;10;SIKER;False;0.151;205;0.478
3;7;0;TIMEOUT;False;0.447;599;0.377
3;7;1;TIMEOUT;False;0.316;599;0.42
3;7;2;SIKER;False;0.153;394;0.439
3;7;3;SIKER;False;0.15;219;0.442
3;7;4;SIKER;False;0.151;222;0.461
3;7;5;SIKER;False;0.151;208;0.472
3;7;6;SIKER;False;0.15;214;0.462
3;7;7;SIKER;False;0.15;204;0.479
3;7;8;SIKER;False;0.15;205;0.477
3;7;9;SIKER;False;0.151;205;0.477
3;7;10;SIKER;False;0.151;205;0.478
3;8;0;TIMEOUT;False;0.447;599;0.377
3;8;1;TIMEOUT;False;0.316;599;0.42
3;8;2;SIKER;False;0.153;394;0.439
3;8;3;SIKER;False;0.15;219;0.442
3;8;4;SIKER;False;0.151;222;0.461
3;8;5;SIKER;False;0.151;208;0.472
3;8;6;SIKER;False;0.15;214;0.462
3;8;7;SIKER;False;0.15;204;0.479
3;8;8;SIKER;False;0.15;205;0.477
3;8;9;SIKER;False;0.151;205;0.477
3;8;10;SIKER;False;0.151;205;0.478
3;9;0;TIMEOUT;False;0.447;599;0.377
3;9;1;TIMEOUT;False;0.316;599;0.42
3;9;2;SIKER;False;0.153;394;0.439
3;9;3;SIKER;False;0.15;219;0.442
3;9;4;SIKER;False;0.151;222;0.461
3;9;5;SIKER;False;0.151;208;0.472
3;9;6;SIKER;False;0.15;214;0.462
3;9;7;SIKER;False;0.15;204;0.479
3;9;8;SIKER;False;0.15;205;0.477
3;9;9;SIKER;False;0.151;205;0.477
3;9;10;SIKER;False;0.151;205;0.478
3;10;0;TIMEOUT;False;0.447;599;0.377
3;10;1;TIMEOUT;False;0.316;599;0.42
3;10;2;SIKER;False;0.153;394;0.439
3;10;3;SIKER;False;0.15;219;0.442
3;10;4;SIKER;False;0.151;222;0.461
3;10;5;SIKER;False;0.151;208;0.472
3;10;6;SIKER;False;0.15;214;0.462
3;10;7;SIKER;False;0.15;204;0.479
3;10;8;SIKER;False;0.15;205;0.477
3;10;9;SIKER;False;0.151;205;0.477
3;10;10;SIKER;False;0.151;205;0.478
4;0;0;TIMEOUT;False;0.135;599;0.026
4;0;1;TIMEOUT;False;0.139;599;0.026
4;0;2;TIMEOUT;False;0.14;599;0.028
4;0;3;TIMEOUT;False;0.14;599;0.028
4;0;4;TIMEOUT;False;0.078;599;0.04
4;0;5;TIMEOUT;False;0.078;599;0.04
4;0;6;TIMEOUT;False;0.067;599;0.041
4;0;7;TIMEOUT;False;0.067;599;0.041
4;0;8;TIMEOUT;False;0.11;599;0.043
4;0;9;TIMEOUT;False;0.11;599;0.043
4;0;10;TIMEOUT;False;0.1;599;0.045
4;1;0;TIMEOUT;False;0.447;599;0.377
4;1;1;ÜTKÖZÉS;True;-0.02;137;0.397
4;1;2;TIMEOUT;False;0.069;599;0.421
4;1;3;ÜTKÖZÉS;True;-0.003;136;0.435
4;1;4;SIKER;False;0.15;219;0.442
4;1;5;SIKER;False;0.153;212;0.459
4;1;6;SIKER;False;0.151;219;0.463
4;1;7;SIKER;False;0.15;216;0.46
4;1;8;SIKER;False;0.15;214;0.462
4;1;9;SIKER;False;0.151;205;0.477
4;1;10;SIKER;False;0.15;204;0.479
4;2;0;TIMEOUT;False;0.447;599;0.377
4;2;1;ÜTKÖZÉS;True;-0.02;137;0.397
4;2;2;TIMEOUT;False;0.069;599;0.421
4;2;3;ÜTKÖZÉS;True;-0.003;136;0.435
4;2;4;SIKER;False;0.15;219;0.442
4;2;5;SIKER;False;0.153;212;0.459
4;2;6;SIKER;False;0.151;219;0.463
4;2;7;SIKER;False;0.15;216;0.46
4;2;8;SIKER;False;0.15;214;0.462
4;2;9;SIKER;False;0.151;205;0.477
4;2;10;SIKER;False;0.15;204;0.479
4;3;0;TIMEOUT;False;0.447;599;0.377
4;3;1;ÜTKÖZÉS;True;-0.02;137;0.397
4;3;2;TIMEOUT;False;0.069;599;0.421
4;3;3;ÜTKÖZÉS;True;-0.003;136;0.435
4;3;4;SIKER;False;0.15;219;0.442
4;3;5;SIKER;False;0.153;212;0.459
4;3;6;SIKER;False;0.151;219;0.463
4;3;7;SIKER;False;0.15;216;0.46
4;3;8;SIKER;False;0.15;214;0.462
4;3;9;SIKER;False;0.151;205;0.477
4;3;10;SIKER;False;0.15;204;0.479
4;4;0;TIMEOUT;False;0.447;599;0.377
4;4;1;ÜTKÖZÉS;True;-0.02;137;0.397
4;4;2;TIMEOUT;False;0.069;599;0.421
4;4;3;ÜTKÖZÉS;True;-0.003;136;0.435
4;4;4;SIKER;False;0.15;219;0.442
4;4;5;SIKER;False;0.153;212;0.459
4;4;6;SIKER;False;0.151;219;0.463
4;4;7;SIKER;False;0.15;216;0.46
4;4;8;SIKER;False;0.15;214;0.462
4;4;9;SIKER;False;0.151;205;0.477
4;4;10;SIKER;False;0.15;204;0.479
4;5;0;TIMEOUT;False;0.447;599;0.377
4;5;1;ÜTKÖZÉS;True;-0.02;137;0.397
4;5;2;TIMEOUT;False;0.069;599;0.421
4;5;3;ÜTKÖZÉS;True;-0.003;136;0.435
4;5;4;SIKER;False;0.15;219;0.442
4;5;5;SIKER;False;0.153;212;0.459
4;5;6;SIKER;False;0.151;219;0.463
4;5;7;SIKER;False;0.15;216;0.46
4;5;8;SIKER;False;0.15;214;0.462
4;5;9;SIKER;False;0.151;205;0.477
4;5;10;SIKER;False;0.15;204;0.479
4;6;0;TIMEOUT;False;0.447;599;0.377
4;6;1;ÜTKÖZÉS;True;-0.02;137;0.397
4;6;2;TIMEOUT;False;0.069;599;0.421
4;6;3;ÜTKÖZÉS;True;-0.003;136;0.435
4;6;4;SIKER;False;0.15;219;0.442
4;6;5;SIKER;False;0.153;212;0.459
4;6;6;SIKER;False;0.151;219;0.463
4;6;7;SIKER;False;0.15;216;0.46
4;6;8;SIKER;False;0.15;214;0.462
4;6;9;SIKER;False;0.151;205;0.477
4;6;10;SIKER;False;0.15;204;0.479
4;7;0;TIMEOUT;False;0.447;599;0.377
4;7;1;ÜTKÖZÉS;True;-0.02;137;0.397
4;7;2;TIMEOUT;False;0.069;599;0.421
4;7;3;ÜTKÖZÉS;True;-0.003;136;0.435
4;7;4;SIKER;False;0.15;219;0.442
4;7;5;SIKER;False;0.153;212;0.459
4;7;6;SIKER;False;0.151;219;0.463
4;7;7;SIKER;False;0.15;216;0.46
4;7;8;SIKER;False;0.15;214;0.462
4;7;9;SIKER;False;0.151;205;0.477
4;7;10;SIKER;False;0.15;204;0.479
4;8;0;TIMEOUT;False;0.447;599;0.377
4;8;1;ÜTKÖZÉS;True;-0.002;136;0.402
4;8;2;TIMEOUT;False;0.069;599;0.421
4;8;3;ÜTKÖZÉS;True;-0.003;136;0.435
4;8;4;SIKER;False;0.15;219;0.442
4;8;5;SIKER;False;0.153;212;0.459
4;8;6;SIKER;False;0.151;219;0.463
4;8;7;SIKER;False;0.15;216;0.46
4;8;8;SIKER;False;0.15;214;0.462
4;8;9;SIKER;False;0.151;205;0.477
4;8;10;SIKER;False;0.15;204;0.479
4;9;0;TIMEOUT;False;0.447;599;0.377
4;9;1;ÜTKÖZÉS;True;-0.002;136;0.402
4;9;2;TIMEOUT;False;0.069;599;0.421
4;9;3;ÜTKÖZÉS;True;-0.003;136;0.435
4;9;4;SIKER;False;0.15;219;0.442
4;9;5;SIKER;False;0.153;212;0.459
4;9;6;SIKER;False;0.151;219;0.463
4;9;7;SIKER;False;0.15;216;0.46
4;9;8;SIKER;False;0.15;214;0.462
4;9;9;SIKER;False;0.151;205;0.477
4;9;10;SIKER;False;0.15;204;0.479
4;10;0;TIMEOUT;False;0.447;599;0.377
4;10;1;ÜTKÖZÉS;True;-0.002;136;0.402
4;10;2;TIMEOUT;False;0.069;599;0.421
4;10;3;ÜTKÖZÉS;True;-0.003;136;0.435
4;10;4;SIKER;False;0.15;219;0.442
4;10;5;SIKER;False;0.153;212;0.459
4;10;6;SIKER;False;0.151;219;0.463
4;10;7;SIKER;False;0.15;216;0.46
4;10;8;SIKER;False;0.15;214;0.462
4;10;9;SIKER;False;0.151;205;0.477
4;10;10;SIKER;False;0.15;204;0.479
5;0;0;TIMEOUT;False;0.135;599;0.026
5;0;1;TIMEOUT;False;0.139;599;0.026
5;0;2;TIMEOUT;False;0.139;599;0.026
5;0;3;TIMEOUT;False;0.14;599;0.028
5;0;4;TIMEOUT;False;0.14;599;0.028
5;0;5;TIMEOUT;False;0.078;599;0.04
5;0;6;TIMEOUT;False;0.078;599;0.04
5;0;7;TIMEOUT;False;0.078;599;0.04
5;0;8;TIMEOUT;False;0.067;599;0.041
5;0;9;TIMEOUT;False;0.067;599;0.041
5;0;10;TIMEOUT;False;0.11;599;0.043
5;1;0;TIMEOUT;False;0.447;599;0.377
5;1;1;ÜTKÖZÉS;True;-0.014;137;0.396
5;1;2;TIMEOUT;False;0.283;599;0.42
5;1;3;TIMEOUT;False;0.227;599;0.42
5;1;4;ÜTKÖZÉS;True;-0.015;136;0.429
5;1;5;SIKER;False;0.15;219;0.442
5;1;6;SIKER;False;0.153;212;0.459
5;1;7;SIKER;False;0.151;218;0.464
5;1;8;SIKER;False;0.151;209;0.47
5;1;9;SIKER;False;0.15;214;0.462
5;1;10;SIKER;False;0.15;214;0.462
5;2;0;TIMEOUT;False;0.447;599;0.377
5;2;1;ÜTKÖZÉS;True;-0.015;137;0.396
5;2;2;TIMEOUT;False;0.283;599;0.42
5;2;3;TIMEOUT;False;0.227;599;0.42
5;2;4;ÜTKÖZÉS;True;-0.015;136;0.429
5;2;5;SIKER;False;0.15;219;0.442
5;2;6;SIKER;False;0.153;212;0.459
5;2;7;SIKER;False;0.151;218;0.464
5;2;8;SIKER;False;0.151;209;0.47
5;2;9;SIKER;False;0.15;214;0.462
5;2;10;SIKER;False;0.15;214;0.462
5;3;0;TIMEOUT;False;0.447;599;0.377
5;3;1;ÜTKÖZÉS;True;-0.001;136;0.398
5;3;2;TIMEOUT;False;0.283;599;0.42
5;3;3;TIMEOUT;False;0.227;599;0.42
5;3;4;ÜTKÖZÉS;True;-0.015;136;0.429
5;3;5;SIKER;False;0.15;219;0.442
5;3;6;SIKER;False;0.153;212;0.459
5;3;7;SIKER;False;0.151;218;0.464
5;3;8;SIKER;False;0.151;209;0.47
5;3;9;SIKER;False;0.15;214;0.462
5;3;10;SIKER;False;0.15;214;0.462
5;4;0;TIMEOUT;False;0.447;599;0.377
5;4;1;ÜTKÖZÉS;True;-0.001;136;0.398
5;4;2;TIMEOUT;False;0.283;599;0.42
5;4;3;TIMEOUT;False;0.227;599;0.42
5;4;4;ÜTKÖZÉS;True;-0.015;136;0.429
5;4;5;SIKER;False;0.15;219;0.442
5;4;6;SIKER;False;0.153;212;0.459
5;4;7;SIKER;False;0.151;218;0.464
5;4;8;SIKER;False;0.151;209;0.47
5;4;9;SIKER;False;0.15;214;0.462
5;4;10;SIKER;False;0.15;214;0.462
5;5;0;TIMEOUT;False;0.447;599;0.377
5;5;1;ÜTKÖZÉS;True;-0.001;136;0.398
5;5;2;TIMEOUT;False;0.283;599;0.42
5;5;3;TIMEOUT;False;0.227;599;0.42
5;5;4;ÜTKÖZÉS;True;-0.015;136;0.429
5;5;5;SIKER;False;0.15;219;0.442
5;5;6;SIKER;False;0.153;212;0.459
5;5;7;SIKER;False;0.151;218;0.464
5;5;8;SIKER;False;0.151;209;0.47
5;5;9;SIKER;False;0.15;214;0.462
5;5;10;SIKER;False;0.15;214;0.462
5;6;0;TIMEOUT;False;0.447;599;0.377
5;6;1;ÜTKÖZÉS;True;-0.001;136;0.398
5;6;2;TIMEOUT;False;0.283;599;0.42
5;6;3;TIMEOUT;False;0.227;599;0.42
5;6;4;ÜTKÖZÉS;True;-0.015;136;0.429
5;6;5;SIKER;False;0.15;219;0.442
5;6;6;SIKER;False;0.153;212;0.459
5;6;7;SIKER;False;0.151;218;0.464
5;6;8;SIKER;False;0.151;209;0.47
5;6;9;SIKER;False;0.15;214;0.462
5;6;10;SIKER;False;0.15;214;0.462
5;7;0;TIMEOUT;False;0.447;599;0.377
5;7;1;ÜTKÖZÉS;True;-0.001;136;0.398
5;7;2;TIMEOUT;False;0.283;599;0.42
5;7;3;TIMEOUT;False;0.227;599;0.42
5;7;4;ÜTKÖZÉS;True;-0.015;136;0.429
5;7;5;SIKER;False;0.15;219;0.442
5;7;6;SIKER;False;0.153;212;0.459
5;7;7;SIKER;False;0.151;218;0.464
5;7;8;SIKER;False;0.151;209;0.47
5;7;9;SIKER;False;0.15;214;0.462
5;7;10;SIKER;False;0.15;214;0.462
5;8;0;TIMEOUT;False;0.447;599;0.377
5;8;1;ÜTKÖZÉS;True;-0.001;136;0.398
5;8;2;TIMEOUT;False;0.283;599;0.42
5;8;3;TIMEOUT;False;0.227;599;0.42
5;8;4;ÜTKÖZÉS;True;-0.015;136;0.429
5;8;5;SIKER;False;0.15;219;0.442
5;8;6;SIKER;False;0.153;212;0.459
5;8;7;SIKER;False;0.151;218;0.464
5;8;8;SIKER;False;0.151;209;0.47
5;8;9;SIKER;False;0.15;214;0.462
5;8;10;SIKER;False;0.15;214;0.462
5;9;0;TIMEOUT;False;0.447;599;0.377
5;9;1;ÜTKÖZÉS;True;-0.001;136;0.398
5;9;2;TIMEOUT;False;0.283;599;0.42
5;9;3;TIMEOUT;False;0.227;599;0.42
5;9;4;ÜTKÖZÉS;True;-0.015;136;0.429
5;9;5;SIKER;False;0.15;219;0.442
5;9;6;SIKER;False;0.153;212;0.459
5;9;7;SIKER;False;0.151;218;0.464
5;9;8;SIKER;False;0.151;209;0.47
5;9;9;SIKER;False;0.15;214;0.462
5;9;10;SIKER;False;0.15;214;0.462
5;10;0;TIMEOUT;False;0.447;599;0.377
5;10;1;ÜTKÖZÉS;True;-0.001;136;0.398
5;10;2;TIMEOUT;False;0.283;599;0.42
5;10;3;TIMEOUT;False;0.227;599;0.42
5;10;4;ÜTKÖZÉS;True;-0.015;136;0.429
5;10;5;SIKER;False;0.15;219;0.442
5;10;6;SIKER;False;0.153;212;0.459
5;10;7;SIKER;False;0.151;218;0.464
5;10;8;SIKER;False;0.151;209;0.47
5;10;9;SIKER;False;0.15;214;0.462
5;10;10;SIKER;False;0.15;214;0.462
6;0;0;TIMEOUT;False;0.135;599;0.026
6;0;1;TIMEOUT;False;0.139;599;0.026
6;0;2;TIMEOUT;False;0.139;599;0.026
6;0;3;TIMEOUT;False;0.14;599;0.028
6;0;4;TIMEOUT;False;0.14;599;0.028
6;0;5;TIMEOUT;False;0.14;599;0.028
6;0;6;TIMEOUT;False;0.078;599;0.04
6;0;7;TIMEOUT;False;0.078;599;0.04
6;0;8;TIMEOUT;False;0.078;599;0.04
6;0;9;TIMEOUT;False;0.067;599;0.041
6;0;10;TIMEOUT;False;0.067;599;0.041
6;1;0;TIMEOUT;False;0.447;599;0.377
6;1;1;ÜTKÖZÉS;True;-0.004;136;0.395
6;1;2;TIMEOUT;False;0.316;599;0.42
6;1;3;TIMEOUT;False;0.069;599;0.421
6;1;4;SIKER;False;0.153;394;0.439
6;1;5;ÜTKÖZÉS;True;-0.015;136;0.429
6;1;6;SIKER;False;0.15;219;0.442
6;1;7;SIKER;False;0.153;212;0.459
6;1;8;SIKER;False;0.151;222;0.461
6;1;9;SIKER;False;0.151;219;0.463
6;1;10;SIKER;False;0.151;208;0.472
6;2;0;TIMEOUT;False;0.447;599;0.377
6;2;1;ÜTKÖZÉS;True;-0.005;136;0.395
6;2;2;TIMEOUT;False;0.316;599;0.42
6;2;3;TIMEOUT;False;0.069;599;0.421
6;2;4;SIKER;False;0.153;394;0.439
6;2;5;ÜTKÖZÉS;True;-0.015;136;0.429
6;2;6;SIKER;False;0.15;219;0.442
6;2;7;SIKER;False;0.153;212;0.459
6;2;8;SIKER;False;0.151;222;0.461
6;2;9;SIKER;False;0.151;219;0.463
6;2;10;SIKER;False;0.151;208;0.472
6;3;0;TIMEOUT;False;0.447;599;0.377
6;3;1;ÜTKÖZÉS;True;-0.005;136;0.395
6;3;2;TIMEOUT;False;0.316;599;0.42
6;3;3;TIMEOUT;False;0.069;599;0.421
6;3;4;SIKER;False;0.153;394;0.439
6;3;5;ÜTKÖZÉS;True;-0.015;136;0.429
6;3;6;SIKER;False;0.15;219;0.442
6;3;7;SIKER;False;0.153;212;0.459
6;3;8;SIKER;False;0.151;222;0.461
6;3;9;SIKER;False;0.151;219;0.463
6;3;10;SIKER;False;0.151;208;0.472
6;4;0;TIMEOUT;False;0.447;599;0.377
6;4;1;ÜTKÖZÉS;True;-0.02;136;0.395
6;4;2;TIMEOUT;False;0.316;599;0.42
6;4;3;TIMEOUT;False;0.069;599;0.421
6;4;4;SIKER;False;0.153;394;0.439
6;4;5;ÜTKÖZÉS;True;-0.015;136;0.429
6;4;6;SIKER;False;0.15;219;0.442
6;4;7;SIKER;False;0.153;212;0.459
6;4;8;SIKER;False;0.151;222;0.461
6;4;9;SIKER;False;0.151;219;0.463
6;4;10;SIKER;False;0.151;208;0.472
6;5;0;TIMEOUT;False;0.447;599;0.377
6;5;1;ÜTKÖZÉS;True;-0.02;136;0.395
6;5;2;TIMEOUT;False;0.316;599;0.42
6;5;3;TIMEOUT;False;0.069;599;0.421
6;5;4;SIKER;False;0.153;394;0.439
6;5;5;ÜTKÖZÉS;True;-0.015;136;0.429
6;5;6;SIKER;False;0.15;219;0.442
6;5;7;SIKER;False;0.153;212;0.459
6;5;8;SIKER;False;0.151;222;0.461
6;5;9;SIKER;False;0.151;219;0.463
6;5;10;SIKER;False;0.151;208;0.472
6;6;0;TIMEOUT;False;0.447;599;0.377
6;6;1;ÜTKÖZÉS;True;-0.02;136;0.395
6;6;2;TIMEOUT;False;0.316;599;0.42
6;6;3;TIMEOUT;False;0.069;599;0.421
6;6;4;SIKER;False;0.153;394;0.439
6;6;5;ÜTKÖZÉS;True;-0.015;136;0.429
6;6;6;SIKER;False;0.15;219;0.442
6;6;7;SIKER;False;0.153;212;0.459
6;6;8;SIKER;False;0.151;222;0.461
6;6;9;SIKER;False;0.151;219;0.463
6;6;10;SIKER;False;0.151;208;0.472
6;7;0;TIMEOUT;False;0.447;599;0.377
6;7;1;ÜTKÖZÉS;True;-0.02;136;0.395
6;7;2;TIMEOUT;False;0.316;599;0.42
6;7;3;TIMEOUT;False;0.069;599;0.421
6;7;4;SIKER;False;0.153;394;0.439
6;7;5;ÜTKÖZÉS;True;-0.015;136;0.429
6;7;6;SIKER;False;0.15;219;0.442
6;7;7;SIKER;False;0.153;212;0.459
6;7;8;SIKER;False;0.151;222;0.461
6;7;9;SIKER;False;0.151;219;0.463
6;7;10;SIKER;False;0.151;208;0.472
6;8;0;TIMEOUT;False;0.447;599;0.377
6;8;1;ÜTKÖZÉS;True;-0.02;136;0.395
6;8;2;TIMEOUT;False;0.316;599;0.42
6;8;3;TIMEOUT;False;0.069;599;0.421
6;8;4;SIKER;False;0.153;394;0.439
6;8;5;ÜTKÖZÉS;True;-0.015;136;0.429
6;8;6;SIKER;False;0.15;219;0.442
6;8;7;SIKER;False;0.153;212;0.459
6;8;8;SIKER;False;0.151;222;0.461
6;8;9;SIKER;False;0.151;219;0.463
6;8;10;SIKER;False;0.151;208;0.472
6;9;0;TIMEOUT;False;0.447;599;0.377
6;9;1;ÜTKÖZÉS;True;-0.025;136;0.395
6;9;2;TIMEOUT;False;0.316;599;0.42
6;9;3;TIMEOUT;False;0.069;599;0.421
6;9;4;SIKER;False;0.153;394;0.439
6;9;5;ÜTKÖZÉS;True;-0.015;136;0.429
6;9;6;SIKER;False;0.15;219;0.442
6;9;7;SIKER;False;0.153;212;0.459
6;9;8;SIKER;False;0.151;222;0.461
6;9;9;SIKER;False;0.151;219;0.463
6;9;10;SIKER;False;0.151;208;0.472
6;10;0;TIMEOUT;False;0.447;599;0.377
6;10;1;ÜTKÖZÉS;True;-0.004;135;0.4
6;10;2;TIMEOUT;False;0.316;599;0.42
6;10;3;TIMEOUT;False;0.069;599;0.421
6;10;4;SIKER;False;0.153;394;0.439
6;10;5;ÜTKÖZÉS;True;-0.015;136;0.429
6;10;6;SIKER;False;0.15;219;0.442
6;10;7;SIKER;False;0.153;212;0.459
6;10;8;SIKER;False;0.151;222;0.461
6;10;9;SIKER;False;0.151;219;0.463
6;10;10;SIKER;False;0.151;208;0.472
7;0;0;TIMEOUT;False;0.135;599;0.026
7;0;1;TIMEOUT;False;0.139;599;0.026
7;0;2;TIMEOUT;False;0.139;599;0.026
7;0;3;TIMEOUT;False;0.14;599;0.028
7;0;4;TIMEOUT;False;0.14;599;0.028
7;0;5;TIMEOUT;False;0.14;599;0.028
7;0;6;TIMEOUT;False;0.14;599;0.028
7;0;7;TIMEOUT;False;0.078;599;0.04
7;0;8;TIMEOUT;False;0.078;599;0.04
7;0;9;TIMEOUT;False;0.078;599;0.04
7;0;10;TIMEOUT;False;0.078;599;0.04
7;1;0;TIMEOUT;False;0.447;599;0.377
7;1;1;ÜTKÖZÉS;True;-0.004;136;0.395
7;1;2;SIKER;False;0.154;224;0.444
7;1;3;ÜTKÖZÉS;True;-0.009;119;0.413
7;1;4;TIMEOUT;False;0.227;599;0.42
7;1;5;ÜTKÖZÉS;True;-0.003;136;0.435
7;1;6;ÜTKÖZÉS;True;-0.015;136;0.429
7;1;7;SIKER;False;0.15;219;0.442
7;1;8;SIKER;False;0.153;212;0.458
7;1;9;SIKER;False;0.153;213;0.454
7;1;10;SIKER;False;0.151;215;0.466
7;2;0;TIMEOUT;False;0.447;599;0.377
7;2;1;ÜTKÖZÉS;True;-0.005;136;0.395
7;2;2;SIKER;False;0.154;224;0.444
7;2;3;ÜTKÖZÉS;True;-0.009;119;0.413
7;2;4;TIMEOUT;False;0.227;599;0.42
7;2;5;ÜTKÖZÉS;True;-0.003;136;0.435
7;2;6;ÜTKÖZÉS;True;-0.015;136;0.429
7;2;7;SIKER;False;0.15;219;0.442
7;2;8;SIKER;False;0.153;212;0.458
7;2;9;SIKER;False;0.153;213;0.454
7;2;10;SIKER;False;0.151;215;0.466
7;3;0;TIMEOUT;False;0.447;599;0.377
7;3;1;ÜTKÖZÉS;True;-0.005;136;0.395
7;3;2;SIKER;False;0.154;224;0.444
7;3;3;ÜTKÖZÉS;True;-0.009;119;0.413
7;3;4;TIMEOUT;False;0.227;599;0.42
7;3;5;ÜTKÖZÉS;True;-0.003;136;0.435
7;3;6;ÜTKÖZÉS;True;-0.015;136;0.429
7;3;7;SIKER;False;0.15;219;0.442
7;3;8;SIKER;False;0.153;212;0.458
7;3;9;SIKER;False;0.153;213;0.454
7;3;10;SIKER;False;0.151;215;0.466
7;4;0;TIMEOUT;False;0.447;599;0.377
7;4;1;ÜTKÖZÉS;True;-0.02;136;0.395
7;4;2;SIKER;False;0.154;224;0.444
7;4;3;ÜTKÖZÉS;True;-0.009;119;0.413
7;4;4;TIMEOUT;False;0.227;599;0.42
7;4;5;ÜTKÖZÉS;True;-0.003;136;0.435
7;4;6;ÜTKÖZÉS;True;-0.015;136;0.429
7;4;7;SIKER;False;0.15;219;0.442
7;4;8;SIKER;False;0.153;212;0.458
7;4;9;SIKER;False;0.153;213;0.454
7;4;10;SIKER;False;0.151;215;0.466
7;5;0;TIMEOUT;False;0.447;599;0.377
7;5;1;ÜTKÖZÉS;True;-0.02;136;0.395
7;5;2;SIKER;False;0.154;224;0.444
7;5;3;ÜTKÖZÉS;True;-0.009;119;0.413
7;5;4;TIMEOUT;False;0.227;599;0.42
7;5;5;ÜTKÖZÉS;True;-0.003;136;0.435
7;5;6;ÜTKÖZÉS;True;-0.015;136;0.429
7;5;7;SIKER;False;0.15;219;0.442
7;5;8;SIKER;False;0.153;212;0.458
7;5;9;SIKER;False;0.153;213;0.454
7;5;10;SIKER;False;0.151;215;0.466
7;6;0;TIMEOUT;False;0.447;599;0.377
7;6;1;ÜTKÖZÉS;True;-0.02;136;0.395
7;6;2;SIKER;False;0.154;224;0.444
7;6;3;ÜTKÖZÉS;True;-0.009;119;0.413
7;6;4;TIMEOUT;False;0.227;599;0.42
7;6;5;ÜTKÖZÉS;True;-0.003;136;0.435
7;6;6;ÜTKÖZÉS;True;-0.015;136;0.429
7;6;7;SIKER;False;0.15;219;0.442
7;6;8;SIKER;False;0.153;212;0.458
7;6;9;SIKER;False;0.153;213;0.454
7;6;10;SIKER;False;0.151;215;0.466
7;7;0;TIMEOUT;False;0.447;599;0.377
7;7;1;ÜTKÖZÉS;True;-0.02;136;0.395
7;7;2;SIKER;False;0.154;224;0.444
7;7;3;ÜTKÖZÉS;True;-0.009;119;0.413
7;7;4;TIMEOUT;False;0.227;599;0.42
7;7;5;ÜTKÖZÉS;True;-0.003;136;0.435
7;7;6;ÜTKÖZÉS;True;-0.015;136;0.429
7;7;7;SIKER;False;0.15;219;0.442
7;7;8;SIKER;False;0.153;212;0.458
7;7;9;SIKER;False;0.153;213;0.454
7;7;10;SIKER;False;0.151;215;0.466
7;8;0;TIMEOUT;False;0.447;599;0.377
7;8;1;ÜTKÖZÉS;True;-0.02;136;0.395
7;8;2;SIKER;False;0.154;224;0.444
7;8;3;ÜTKÖZÉS;True;-0.009;119;0.413
7;8;4;TIMEOUT;False;0.227;599;0.42
7;8;5;ÜTKÖZÉS;True;-0.003;136;0.435
7;8;6;ÜTKÖZÉS;True;-0.015;136;0.429
7;8;7;SIKER;False;0.15;219;0.442
7;8;8;SIKER;False;0.153;212;0.458
7;8;9;SIKER;False;0.153;213;0.454
7;8;10;SIKER;False;0.151;215;0.466
7;9;0;TIMEOUT;False;0.447;599;0.377
7;9;1;ÜTKÖZÉS;True;-0.02;136;0.395
7;9;2;SIKER;False;0.154;224;0.444
7;9;3;ÜTKÖZÉS;True;-0.009;119;0.413
7;9;4;TIMEOUT;False;0.227;599;0.42
7;9;5;ÜTKÖZÉS;True;-0.003;136;0.435
7;9;6;ÜTKÖZÉS;True;-0.015;136;0.429
7;9;7;SIKER;False;0.15;219;0.442
7;9;8;SIKER;False;0.153;212;0.458
7;9;9;SIKER;False;0.153;213;0.454
7;9;10;SIKER;False;0.151;215;0.466
7;10;0;TIMEOUT;False;0.447;599;0.377
7;10;1;ÜTKÖZÉS;True;-0.025;136;0.395
7;10;2;SIKER;False;0.154;224;0.444
7;10;3;ÜTKÖZÉS;True;-0.009;119;0.413
7;10;4;TIMEOUT;False;0.227;599;0.42
7;10;5;ÜTKÖZÉS;True;-0.003;136;0.435
7;10;6;ÜTKÖZÉS;True;-0.015;136;0.429
7;10;7;SIKER;False;0.15;219;0.442
7;10;8;SIKER;False;0.153;212;0.458
7;10;9;SIKER;False;0.153;213;0.454
7;10;10;SIKER;False;0.151;215;0.466
8;0;0;TIMEOUT;False;0.135;599;0.026
8;0;1;TIMEOUT;False;0.139;599;0.026
8;0;2;TIMEOUT;False;0.139;599;0.026
8;0;3;TIMEOUT;False;0.139;599;0.026
8;0;4;TIMEOUT;False;0.14;599;0.028
8;0;5;TIMEOUT;False;0.14;599;0.028
8;0;6;TIMEOUT;False;0.14;599;0.028
8;0;7;TIMEOUT;False;0.14;599;0.028
8;0;8;TIMEOUT;False;0.078;599;0.04
8;0;9;TIMEOUT;False;0.078;599;0.04
8;0;10;TIMEOUT;False;0.078;599;0.04
8;1;0;TIMEOUT;False;0.447;599;0.377
8;1;1;ÜTKÖZÉS;True;-0.013;138;0.401
8;1;2;ÜTKÖZÉS;True;-0.02;137;0.397
8;1;3;TIMEOUT;False;0.336;599;0.421
8;1;4;TIMEOUT;False;0.069;599;0.421
8;1;5;SIKER;False;0.227;299;0.449
8;1;6;ÜTKÖZÉS;True;-0.003;136;0.435
8;1;7;ÜTKÖZÉS;True;-0.012;132;0.439
8;1;8;SIKER;False;0.15;219;0.442
8;1;9;ÜTKÖZÉS;True;-0.025;118;0.449
8;1;10;SIKER;False;0.153;212;0.459
8;2;0;TIMEOUT;False;0.447;599;0.377
8;2;1;ÜTKÖZÉS;True;-0.013;138;0.401
8;2;2;ÜTKÖZÉS;True;-0.02;137;0.397
8;2;3;TIMEOUT;False;0.336;599;0.421
8;2;4;TIMEOUT;False;0.069;599;0.421
8;2;5;SIKER;False;0.227;299;0.449
8;2;6;ÜTKÖZÉS;True;-0.003;136;0.435
8;2;7;ÜTKÖZÉS;True;-0.012;132;0.439
8;2;8;SIKER;False;0.15;219;0.442
8;2;9;ÜTKÖZÉS;True;-0.025;118;0.449
8;2;10;SIKER;False;0.153;212;0.459
8;3;0;TIMEOUT;False;0.447;599;0.377
8;3;1;ÜTKÖZÉS;True;-0.013;138;0.401
8;3;2;ÜTKÖZÉS;True;-0.02;137;0.397
8;3;3;TIMEOUT;False;0.336;599;0.421
8;3;4;TIMEOUT;False;0.069;599;0.421
8;3;5;SIKER;False;0.227;299;0.449
8;3;6;ÜTKÖZÉS;True;-0.003;136;0.435
8;3;7;ÜTKÖZÉS;True;-0.012;132;0.439
8;3;8;SIKER;False;0.15;219;0.442
8;3;9;ÜTKÖZÉS;True;-0.025;118;0.449
8;3;10;SIKER;False;0.153;212;0.459
8;4;0;TIMEOUT;False;0.447;599;0.377
8;4;1;ÜTKÖZÉS;True;-0.013;138;0.401
8;4;2;ÜTKÖZÉS;True;-0.02;137;0.397
8;4;3;TIMEOUT;False;0.336;599;0.421
8;4;4;TIMEOUT;False;0.069;599;0.421
8;4;5;SIKER;False;0.227;299;0.449
8;4;6;ÜTKÖZÉS;True;-0.003;136;0.435
8;4;7;ÜTKÖZÉS;True;-0.012;132;0.439
8;4;8;SIKER;False;0.15;219;0.442
8;4;9;ÜTKÖZÉS;True;-0.025;118;0.449
8;4;10;SIKER;False;0.153;212;0.459
8;5;0;TIMEOUT;False;0.447;599;0.377
8;5;1;ÜTKÖZÉS;True;-0.013;138;0.401
8;5;2;ÜTKÖZÉS;True;-0.02;137;0.397
8;5;3;TIMEOUT;False;0.336;599;0.421
8;5;4;TIMEOUT;False;0.069;599;0.421
8;5;5;SIKER;False;0.227;299;0.449
8;5;6;ÜTKÖZÉS;True;-0.003;136;0.435
8;5;7;ÜTKÖZÉS;True;-0.012;132;0.439
8;5;8;SIKER;False;0.15;219;0.442
8;5;9;ÜTKÖZÉS;True;-0.025;118;0.449
8;5;10;SIKER;False;0.153;212;0.459
8;6;0;TIMEOUT;False;0.447;599;0.377
8;6;1;ÜTKÖZÉS;True;-0.013;138;0.401
8;6;2;ÜTKÖZÉS;True;-0.02;137;0.397
8;6;3;TIMEOUT;False;0.336;599;0.421
8;6;4;TIMEOUT;False;0.069;599;0.421
8;6;5;SIKER;False;0.227;299;0.449
8;6;6;ÜTKÖZÉS;True;-0.003;136;0.435
8;6;7;ÜTKÖZÉS;True;-0.012;132;0.439
8;6;8;SIKER;False;0.15;219;0.442
8;6;9;ÜTKÖZÉS;True;-0.025;118;0.449
8;6;10;SIKER;False;0.153;212;0.459
8;7;0;TIMEOUT;False;0.447;599;0.377
8;7;1;ÜTKÖZÉS;True;-0.013;138;0.401
8;7;2;ÜTKÖZÉS;True;-0.02;137;0.397
8;7;3;TIMEOUT;False;0.336;599;0.421
8;7;4;TIMEOUT;False;0.069;599;0.421
8;7;5;SIKER;False;0.227;299;0.449
8;7;6;ÜTKÖZÉS;True;-0.003;136;0.435
8;7;7;ÜTKÖZÉS;True;-0.012;132;0.439
8;7;8;SIKER;False;0.15;219;0.442
8;7;9;ÜTKÖZÉS;True;-0.025;118;0.449
8;7;10;SIKER;False;0.153;212;0.459
8;8;0;TIMEOUT;False;0.447;599;0.377
8;8;1;ÜTKÖZÉS;True;-0.013;138;0.401
8;8;2;ÜTKÖZÉS;True;-0.02;137;0.397
8;8;3;TIMEOUT;False;0.336;599;0.421
8;8;4;TIMEOUT;False;0.069;599;0.421
8;8;5;SIKER;False;0.227;299;0.449
8;8;6;ÜTKÖZÉS;True;-0.003;136;0.435
8;8;7;ÜTKÖZÉS;True;-0.012;132;0.439
8;8;8;SIKER;False;0.15;219;0.442
8;8;9;ÜTKÖZÉS;True;-0.025;118;0.449
8;8;10;SIKER;False;0.153;212;0.459
8;9;0;TIMEOUT;False;0.447;599;0.377
8;9;1;ÜTKÖZÉS;True;-0.013;138;0.401
8;9;2;ÜTKÖZÉS;True;-0.02;137;0.397
8;9;3;TIMEOUT;False;0.336;599;0.421
8;9;4;TIMEOUT;False;0.069;599;0.421
8;9;5;SIKER;False;0.227;299;0.449
8;9;6;ÜTKÖZÉS;True;-0.003;136;0.435
8;9;7;ÜTKÖZÉS;True;-0.012;132;0.439
8;9;8;SIKER;False;0.15;219;0.442
8;9;9;ÜTKÖZÉS;True;-0.025;118;0.449
8;9;10;SIKER;False;0.153;212;0.459
8;10;0;TIMEOUT;False;0.447;599;0.377
8;10;1;ÜTKÖZÉS;True;-0.013;138;0.401
8;10;2;ÜTKÖZÉS;True;-0.02;137;0.397
8;10;3;TIMEOUT;False;0.336;599;0.421
8;10;4;TIMEOUT;False;0.069;599;0.421
8;10;5;SIKER;False;0.227;299;0.449
8;10;6;ÜTKÖZÉS;True;-0.003;136;0.435
8;10;7;SIKER;False;0.121;262;0.443
8;10;8;SIKER;False;0.15;219;0.442
8;10;9;ÜTKÖZÉS;True;-0.025;118;0.449
8;10;10;SIKER;False;0.153;212;0.459
9;0;0;TIMEOUT;False;0.135;599;0.026
9;0;1;TIMEOUT;False;0.135;599;0.024
9;0;2;TIMEOUT;False;0.139;599;0.026
9;0;3;TIMEOUT;False;0.139;599;0.026
9;0;4;TIMEOUT;False;0.14;599;0.028
9;0;5;TIMEOUT;False;0.14;599;0.028
9;0;6;TIMEOUT;False;0.14;599;0.028
9;0;7;TIMEOUT;False;0.14;599;0.028
9;0;8;TIMEOUT;False;0.14;599;0.028
9;0;9;TIMEOUT;False;0.078;599;0.04
9;0;10;TIMEOUT;False;0.078;599;0.04
9;1;0;TIMEOUT;False;0.447;599;0.377
9;1;1;SIKER;False;0.046;487;0.434
9;1;2;ÜTKÖZÉS;True;-0.02;137;0.397
9;1;3;TIMEOUT;False;0.316;599;0.42
9;1;4;ÜTKÖZÉS;True;-0.009;119;0.413
9;1;5;TIMEOUT;False;0.227;599;0.42
9;1;6;SIKER;False;0.153;394;0.439
9;1;7;ÜTKÖZÉS;True;-0.015;136;0.429
9;1;8;ÜTKÖZÉS;True;-0.012;132;0.439
9;1;9;SIKER;False;0.15;219;0.442
9;1;10;ÜTKÖZÉS;True;-0.025;118;0.449
9;2;0;TIMEOUT;False;0.447;599;0.377
9;2;1;SIKER;False;0.046;487;0.434
9;2;2;ÜTKÖZÉS;True;-0.02;137;0.397
9;2;3;TIMEOUT;False;0.316;599;0.42
9;2;4;ÜTKÖZÉS;True;-0.009;119;0.413
9;2;5;TIMEOUT;False;0.227;599;0.42
9;2;6;SIKER;False;0.153;394;0.439
9;2;7;ÜTKÖZÉS;True;-0.015;136;0.429
9;2;8;ÜTKÖZÉS;True;-0.012;132;0.439
9;2;9;SIKER;False;0.15;219;0.442
9;2;10;ÜTKÖZÉS;True;-0.025;118;0.449
9;3;0;TIMEOUT;False;0.447;599;0.377
9;3;1;SIKER;False;0.046;487;0.434
9;3;2;ÜTKÖZÉS;True;-0.02;137;0.397
9;3;3;TIMEOUT;False;0.316;599;0.42
9;3;4;ÜTKÖZÉS;True;-0.009;119;0.413
9;3;5;TIMEOUT;False;0.227;599;0.42
9;3;6;SIKER;False;0.153;394;0.439
9;3;7;ÜTKÖZÉS;True;-0.015;136;0.429
9;3;8;ÜTKÖZÉS;True;-0.012;132;0.439
9;3;9;SIKER;False;0.15;219;0.442
9;3;10;ÜTKÖZÉS;True;-0.025;118;0.449
9;4;0;TIMEOUT;False;0.447;599;0.377
9;4;1;SIKER;False;0.046;487;0.434
9;4;2;ÜTKÖZÉS;True;-0.02;137;0.397
9;4;3;TIMEOUT;False;0.316;599;0.42
9;4;4;ÜTKÖZÉS;True;-0.009;119;0.413
9;4;5;TIMEOUT;False;0.227;599;0.42
9;4;6;SIKER;False;0.153;394;0.439
9;4;7;ÜTKÖZÉS;True;-0.015;136;0.429
9;4;8;ÜTKÖZÉS;True;-0.012;132;0.439
9;4;9;SIKER;False;0.15;219;0.442
9;4;10;ÜTKÖZÉS;True;-0.025;118;0.449
9;5;0;TIMEOUT;False;0.447;599;0.377
9;5;1;SIKER;False;0.046;487;0.434
9;5;2;ÜTKÖZÉS;True;-0.02;137;0.397
9;5;3;TIMEOUT;False;0.316;599;0.42
9;5;4;ÜTKÖZÉS;True;-0.009;119;0.413
9;5;5;TIMEOUT;False;0.227;599;0.42
9;5;6;SIKER;False;0.153;394;0.439
9;5;7;ÜTKÖZÉS;True;-0.015;136;0.429
9;5;8;ÜTKÖZÉS;True;-0.012;132;0.439
9;5;9;SIKER;False;0.15;219;0.442
9;5;10;ÜTKÖZÉS;True;-0.025;118;0.449
9;6;0;TIMEOUT;False;0.447;599;0.377
9;6;1;SIKER;False;0.046;487;0.434
9;6;2;ÜTKÖZÉS;True;-0.02;137;0.397
9;6;3;TIMEOUT;False;0.316;599;0.42
9;6;4;ÜTKÖZÉS;True;-0.009;119;0.413
9;6;5;TIMEOUT;False;0.227;599;0.42
9;6;6;SIKER;False;0.153;394;0.439
9;6;7;ÜTKÖZÉS;True;-0.015;136;0.429
9;6;8;ÜTKÖZÉS;True;-0.012;132;0.439
9;6;9;SIKER;False;0.15;219;0.442
9;6;10;ÜTKÖZÉS;True;-0.025;118;0.449
9;7;0;TIMEOUT;False;0.447;599;0.377
9;7;1;SIKER;False;0.046;487;0.434
9;7;2;ÜTKÖZÉS;True;-0.02;137;0.397
9;7;3;TIMEOUT;False;0.316;599;0.42
9;7;4;ÜTKÖZÉS;True;-0.009;119;0.413
9;7;5;TIMEOUT;False;0.227;599;0.42
9;7;6;SIKER;False;0.153;394;0.439
9;7;7;ÜTKÖZÉS;True;-0.015;136;0.429
9;7;8;ÜTKÖZÉS;True;-0.012;132;0.439
9;7;9;SIKER;False;0.15;219;0.442
9;7;10;ÜTKÖZÉS;True;-0.025;118;0.449
9;8;0;TIMEOUT;False;0.447;599;0.377
9;8;1;SIKER;False;0.046;487;0.434
9;8;2;ÜTKÖZÉS;True;-0.02;137;0.397
9;8;3;TIMEOUT;False;0.316;599;0.42
9;8;4;ÜTKÖZÉS;True;-0.009;119;0.413
9;8;5;TIMEOUT;False;0.227;599;0.42
9;8;6;SIKER;False;0.153;394;0.439
9;8;7;ÜTKÖZÉS;True;-0.015;136;0.429
9;8;8;ÜTKÖZÉS;True;-0.012;132;0.439
9;8;9;SIKER;False;0.15;219;0.442
9;8;10;ÜTKÖZÉS;True;-0.025;118;0.449
9;9;0;TIMEOUT;False;0.447;599;0.377
9;9;1;SIKER;False;0.046;487;0.434
9;9;2;ÜTKÖZÉS;True;-0.02;137;0.397
9;9;3;TIMEOUT;False;0.316;599;0.42
9;9;4;ÜTKÖZÉS;True;-0.009;119;0.413
9;9;5;TIMEOUT;False;0.227;599;0.42
9;9;6;SIKER;False;0.153;394;0.439
9;9;7;ÜTKÖZÉS;True;-0.015;136;0.429
9;9;8;ÜTKÖZÉS;True;-0.012;132;0.439
9;9;9;SIKER;False;0.15;219;0.442
9;9;10;ÜTKÖZÉS;True;-0.025;118;0.449
9;10;0;TIMEOUT;False;0.447;599;0.377
9;10;1;SIKER;False;0.046;487;0.434
9;10;2;ÜTKÖZÉS;True;-0.02;137;0.397
9;10;3;TIMEOUT;False;0.316;599;0.42
9;10;4;ÜTKÖZÉS;True;-0.009;119;0.413
9;10;5;TIMEOUT;False;0.227;599;0.42
9;10;6;SIKER;False;0.153;394;0.439
9;10;7;ÜTKÖZÉS;True;-0.015;136;0.429
9;10;8;ÜTKÖZÉS;True;-0.012;132;0.439
9;10;9;SIKER;False;0.15;219;0.442
9;10;10;ÜTKÖZÉS;True;-0.025;118;0.449
10;0;0;TIMEOUT;False;0.135;599;0.026
10;0;1;TIMEOUT;False;0.135;599;0.024
10;0;2;TIMEOUT;False;0.139;599;0.026
10;0;3;TIMEOUT;False;0.139;599;0.026
10;0;4;TIMEOUT;False;0.139;599;0.026
10;0;5;TIMEOUT;False;0.14;599;0.028
10;0;6;TIMEOUT;False;0.14;599;0.028
10;0;7;TIMEOUT;False;0.14;599;0.028
10;0;8;TIMEOUT;False;0.14;599;0.028
10;0;9;TIMEOUT;False;0.14;599;0.028
10;0;10;TIMEOUT;False;0.078;599;0.04
10;1;0;TIMEOUT;False;0.447;599;0.377
10;1;1;TIMEOUT;False;0.153;599;0.418
10;1;2;ÜTKÖZÉS;True;-0.014;137;0.396
10;1;3;TIMEOUT;False;0.459;599;0.419
10;1;4;TIMEOUT;False;0.283;599;0.42
10;1;5;TIMEOUT;False;0.069;599;0.421
10;1;6;TIMEOUT;False;0.227;599;0.42
10;1;7;TIMEOUT;False;0.222;599;0.42
10;1;8;ÜTKÖZÉS;True;-0.015;136;0.429
10;1;9;ÜTKÖZÉS;True;-0.012;132;0.439
10;1;10;SIKER;False;0.15;219;0.442
10;2;0;TIMEOUT;False;0.447;599;0.377
10;2;1;TIMEOUT;False;0.153;599;0.418
10;2;2;ÜTKÖZÉS;True;-0.014;137;0.396
10;2;3;TIMEOUT;False;0.459;599;0.419
10;2;4;TIMEOUT;False;0.283;599;0.42
10;2;5;TIMEOUT;False;0.069;599;0.421
10;2;6;TIMEOUT;False;0.227;599;0.42
10;2;7;TIMEOUT;False;0.222;599;0.42
10;2;8;ÜTKÖZÉS;True;-0.015;136;0.429
10;2;9;ÜTKÖZÉS;True;-0.012;132;0.439
10;2;10;SIKER;False;0.15;219;0.442
10;3;0;TIMEOUT;False;0.447;599;0.377
10;3;1;TIMEOUT;False;0.153;599;0.418
10;3;2;ÜTKÖZÉS;True;-0.014;137;0.396
10;3;3;TIMEOUT;False;0.459;599;0.419
10;3;4;TIMEOUT;False;0.283;599;0.42
10;3;5;TIMEOUT;False;0.069;599;0.421
10;3;6;TIMEOUT;False;0.227;599;0.42
10;3;7;TIMEOUT;False;0.222;599;0.42
10;3;8;ÜTKÖZÉS;True;-0.015;136;0.429
10;3;9;ÜTKÖZÉS;True;-0.012;132;0.439
10;3;10;SIKER;False;0.15;219;0.442
10;4;0;TIMEOUT;False;0.447;599;0.377
10;4;1;TIMEOUT;False;0.153;599;0.418
10;4;2;ÜTKÖZÉS;True;-0.015;137;0.396
10;4;3;TIMEOUT;False;0.459;599;0.419
10;4;4;TIMEOUT;False;0.283;599;0.42
10;4;5;TIMEOUT;False;0.069;599;0.421
10;4;6;TIMEOUT;False;0.227;599;0.42
10;4;7;TIMEOUT;False;0.222;599;0.42
10;4;8;ÜTKÖZÉS;True;-0.015;136;0.429
10;4;9;ÜTKÖZÉS;True;-0.012;132;0.439
10;4;10;SIKER;False;0.15;219;0.442
10;5;0;TIMEOUT;False;0.447;599;0.377
10;5;1;TIMEOUT;False;0.153;599;0.418
10;5;2;ÜTKÖZÉS;True;-0.015;137;0.396
10;5;3;TIMEOUT;False;0.459;599;0.419
10;5;4;TIMEOUT;False;0.283;599;0.42
10;5;5;TIMEOUT;False;0.069;599;0.421
10;5;6;TIMEOUT;False;0.227;599;0.42
10;5;7;TIMEOUT;False;0.222;599;0.42
10;5;8;ÜTKÖZÉS;True;-0.015;136;0.429
10;5;9;ÜTKÖZÉS;True;-0.012;132;0.439
10;5;10;SIKER;False;0.15;219;0.442
10;6;0;TIMEOUT;False;0.447;599;0.377
10;6;1;TIMEOUT;False;0.153;599;0.418
10;6;2;ÜTKÖZÉS;True;-0.001;136;0.398
10;6;3;TIMEOUT;False;0.459;599;0.419
10;6;4;TIMEOUT;False;0.283;599;0.42
10;6;5;TIMEOUT;False;0.069;599;0.421
10;6;6;TIMEOUT;False;0.227;599;0.42
10;6;7;TIMEOUT;False;0.222;599;0.42
10;6;8;ÜTKÖZÉS;True;-0.015;136;0.429
10;6;9;ÜTKÖZÉS;True;-0.012;132;0.439
10;6;10;SIKER;False;0.15;219;0.442
10;7;0;TIMEOUT;False;0.447;599;0.377
10;7;1;TIMEOUT;False;0.153;599;0.418
10;7;2;ÜTKÖZÉS;True;-0.001;136;0.398
10;7;3;TIMEOUT;False;0.459;599;0.419
10;7;4;TIMEOUT;False;0.283;599;0.42
10;7;5;TIMEOUT;False;0.069;599;0.421
10;7;6;TIMEOUT;False;0.227;599;0.42
10;7;7;TIMEOUT;False;0.222;599;0.42
10;7;8;ÜTKÖZÉS;True;-0.015;136;0.429
10;7;9;ÜTKÖZÉS;True;-0.012;132;0.439
10;7;10;SIKER;False;0.15;219;0.442
10;8;0;TIMEOUT;False;0.447;599;0.377
10;8;1;TIMEOUT;False;0.153;599;0.418
10;8;2;ÜTKÖZÉS;True;-0.001;136;0.398
10;8;3;TIMEOUT;False;0.459;599;0.419
10;8;4;TIMEOUT;False;0.283;599;0.42
10;8;5;TIMEOUT;False;0.069;599;0.421
10;8;6;TIMEOUT;False;0.227;599;0.42
10;8;7;TIMEOUT;False;0.222;599;0.42
10;8;8;ÜTKÖZÉS;True;-0.015;136;0.429
10;8;9;ÜTKÖZÉS;True;-0.012;132;0.439
10;8;10;SIKER;False;0.15;219;0.442
10;9;0;TIMEOUT;False;0.447;599;0.377
10;9;1;TIMEOUT;False;0.153;599;0.418
10;9;2;ÜTKÖZÉS;True;-0.001;136;0.398
10;9;3;TIMEOUT;False;0.459;599;0.419
10;9;4;TIMEOUT;False;0.283;599;0.42
10;9;5;TIMEOUT;False;0.069;599;0.421
10;9;6;TIMEOUT;False;0.227;599;0.42
10;9;7;TIMEOUT;False;0.222;599;0.42
10;9;8;ÜTKÖZÉS;True;-0.015;136;0.429
10;9;9;ÜTKÖZÉS;True;-0.012;132;0.439
10;9;10;SIKER;False;0.15;219;0.442
10;10;0;TIMEOUT;False;0.447;599;0.377
10;10;1;TIMEOUT;False;0.153;599;0.418
10;10;2;ÜTKÖZÉS;True;-0.001;136;0.398
10;10;3;TIMEOUT;False;0.459;599;0.419
10;10;4;TIMEOUT;False;0.283;599;0.42
10;10;5;TIMEOUT;False;0.069;599;0.421
10;10;6;TIMEOUT;False;0.227;599;0.42
10;10;7;TIMEOUT;False;0.222;599;0.42
10;10;8;ÜTKÖZÉS;True;-0.015;136;0.429
10;10;9;ÜTKÖZÉS;True;-0.012;132;0.439
10;10;10;SIKER;False;0.15;219;0.442
